﻿<?xml version="1.0" encoding="utf-8"?>

<!-- Scene Description in XML -->
<scene>
  
  <!-- Background Color and Ambient Light Property -->
  <background>
    <color red="0.2" green="0.2" blue="0.2"/>
    <ambientLight red="0.2" green="0.2" blue="0.2"/>
  </background>

  <!-- Cameras Description -->
  <camera_list>
    <camera fieldOfView="39.31" nearClip="1" farClip="2500.0">
      <position x="278.0" y="273.0" z="-800.0"/>
      <target x="278.0" y="273.0" z="-700.0"/>
      <up x="0.0" y="1.0" z="0.0"/>
    </camera>
   
  </camera_list>

  <!-- Light Sources Collection -->
  <light_list>
    <!-- Light Description, Color & Position -->
    <light>
      <color red="0.8" green="0.7" blue="0.6"/>
      <position x="278.0" y="547.8" z="279.5"/>
    </light>
  </light_list>

  <!-- Material Type Collection -->
  <material_list>
    <!-- Material Descriptions -->
    <material name="Blue">
      <diffuse red="0.156" green="0.126" blue="0.507"/>
      <specular red="1" green="1" blue="1" shininess="100.0"/>
    </material>

    <material name="Green">
      <diffuse red="0.156" green="0.426" blue="0.107"/>
      <specular red="0.0" green="0.0" blue="0.0" shininess="1.0"/>
    </material>

    <material name="Red">
      <diffuse red="0.639" green="0.06" blue="0.062"/>
      <specular red="0.0" green="0.0" blue="0.0" shininess="1.0"/>
    </material>

    <material name="Yellow">
      <diffuse red="0.656" green="0.626" blue="0.107"/>
      <specular red="0.0" green="0.0" blue="0.0" shininess="1.0"/>
    </material>

    <material name="White">
      <diffuse red="0.739" green="0.725" blue="0.765"/>
      <specular red="0.0" green="0.0" blue="0.0" shininess="1.0"/>
    </material>

   
  </material_list>

  <!-- List of Scene Objects -->
  <object_list>
    <triangle name="Floor1">
      <scale x="1.0" y="1.0" z="1.0"/>
      <rotation x="0.0" y="0.0" z="0.0"/>
      <position x="0.0" y="0.0" z="0.0"/>


      <vertex index="0" material="White">
        <position x="552.8" y="0.0" z="0.0"/>
        <normal x="0.0" y="1.0" z="0.0"/>
        <texture u="0.0" v="0.0"/>
      </vertex>


      <vertex index="1" material="White">
        <position x="0.0" y="0.0" z="0.0"/>
        <normal x="0.0" y="1.0" z="0.0"/>
        <texture u="1.0" v="0.0"/>
      </vertex>


      <vertex index="2" material="White">
        <position x="0.0" y="0.0" z="559.2"/>
        <normal x="0.0" y="1.0" z="0.0"/>
        <texture u="1.0" v="1.0"/>
      </vertex>
    </triangle>

    <triangle name="Floor2">
      <scale x="1.0" y="1.0" z="1.0"/>
      <rotation x="0.0" y="0.0" z="0.0"/>
      <position x="0.0" y="0.0" z="0.0"/>


      <vertex index="0" material="White">
        <position x="552.8" y="0.0" z="0.0"/>
        <normal x="0.0" y="1.0" z="0.0"/>
        <texture u="0.0" v="0.0"/>
      </vertex>


      <vertex index="1" material="White">
        <position x="549.6" y="0.0" z="559.2"/>
        <normal x="0.0" y="1.0" z="0.0"/>
        <texture u="0.0" v="1.0"/>
      </vertex>


      <vertex index="2" material="White">
        <position x="0.0" y="0.0" z="559.2"/>
        <normal x="0.0" y="1.0" z="0.0"/>
        <texture u="1.0" v="1.0"/>
      </vertex>
    </triangle>

    <triangle name="Ceiling1">
      <scale x="1.0" y="1.0" z="1.0"/>
      <rotation x="0.0" y="0.0" z="0.0"/>
      <position x="0.0" y="0.0" z="0.0"/>


      <vertex index="0" material="White">
        <position x="556.0" y="548.8" z="0.0"/>
        <normal x="0.0" y="-1.0" z="0.0"/>
        <texture u="0.0" v="0.0"/>
      </vertex>


      <vertex index="1" material="White">
        <position x="556.0" y="548.8" z="559.2"/>
        <normal x="0.0" y="-1.0" z="0.0"/>
        <texture u="0.0" v="0.0"/>
      </vertex>


      <vertex index="2" material="White">
        <position x="0.0" y="548.8" z="559.2"/>
        <normal x="0.0" y="-1.0" z="0.0"/>
        <texture u="0.0" v="0.0"/>
      </vertex>
    </triangle>

    <triangle name="Ceiling2">
      <scale x="1.0" y="1.0" z="1.0"/>
      <rotation x="0.0" y="0.0" z="0.0"/>
      <position x="0.0" y="0.0" z="0.0"/>


      <vertex index="0" material="White">
        <position x="556.0" y="548.8" z="0.0"/>
        <normal x="0.0" y="-1.0" z="0.0"/>
        <texture u="0.0" v="0.0"/>
      </vertex>


      <vertex index="1" material="White">
        <position x="0.0" y="548.8" z="0.0"/>
        <normal x="0.0" y="-1.0" z="0.0"/>
        <texture u="0.0" v="0.0"/>
      </vertex>


      <vertex index="2" material="White">
        <position x="0.0" y="548.8" z="559.2"/>
        <normal x="0.0" y="-1.0" z="0.0"/>
        <texture u="0.0" v="0.0"/>
      </vertex>
    </triangle>

    <triangle name="BackWall1">
      <scale x="1.0" y="1.0" z="1.0"/>
      <rotation x="0.0" y="0.0" z="0.0"/>
      <position x="0.0" y="0.0" z="0.0"/>


      <vertex index="0" material="White">
        <position x="549.6" y="0.0" z="559.2"/>
        <normal x="0.0" y="0.0" z="-1.0"/>
        <texture u="0.0" v="0.0"/>
      </vertex>


      <vertex index="1" material="White">
        <position x="0.0" y="0.0" z="559.2"/>
        <normal x="0.0" y="0.0" z="-1.0"/>
        <texture u="0.0" v="0.0"/>
      </vertex>


      <vertex index="2" material="White">
        <position x="0.0" y="548.8" z="559.2"/>
        <normal x="0.0" y="0.0" z="-1.0"/>
        <texture u="0.0" v="0.0"/>
      </vertex>
    </triangle>

    <triangle name="BackWall2">
      <scale x="1.0" y="1.0" z="1.0"/>
      <rotation x="0.0" y="0.0" z="0.0"/>
      <position x="0.0" y="0.0" z="0.0"/>


      <vertex index="0" material="White">
        <position x="549.6" y="0.0" z="559.2"/>
        <normal x="0.0" y="0.0" z="-1.0"/>
        <texture u="0.0" v="0.0"/>
      </vertex>


      <vertex index="1" material="White">
        <position x="556.0" y="548.8" z="559.2"/>
        <normal x="0.0" y="0.0" z="-1.0"/>
        <texture u="0.0" v="0.0"/>
      </vertex>


      <vertex index="2" material="White">
        <position x="0.0" y="548.8" z="559.2"/>
        <normal x="0.0" y="0.0" z="-1.0"/>
        <texture u="0.0" v="0.0"/>
      </vertex>
    </triangle>

    <triangle name="RightWall1">
      <scale x="1.0" y="1.0" z="1.0"/>
      <rotation x="0.0" y="0.0" z="0.0"/>
      <position x="0.0" y="0.0" z="0.0"/>


      <vertex index="0" material="Green">
        <position x="0.0" y="0.0" z="559.2"/>
        <normal x="1.0" y="0.0" z="0.0"/>
        <texture u="0.0" v="0.0"/>
      </vertex>


      <vertex index="1" material="Green">
        <position x="0.0" y="0.0" z="0.0"/>
        <normal x="1.0" y="0.0" z="0.0"/>
        <texture u="0.0" v="0.0"/>
      </vertex>


      <vertex index="2" material="Green">
        <position x="0.0" y="548.8" z="0.0"/>
        <normal x="1.0" y="0.0" z="0.0"/>
        <texture u="0.0" v="0.0"/>
      </vertex>
    </triangle>

    <triangle name="RightWall2">
      <scale x="1.0" y="1.0" z="1.0"/>
      <rotation x="0.0" y="0.0" z="0.0"/>
      <position x="0.0" y="0.0" z="0.0"/>


      <vertex index="0" material="Green">
        <position x="0.0" y="0.0" z="559.2"/>
        <normal x="1.0" y="0.0" z="0.0"/>
        <texture u="0.0" v="0.0"/>
      </vertex>


      <vertex index="1" material="Green">
        <position x="0.0" y="548.8" z="559.2"/>
        <normal x="1.0" y="0.0" z="0.0"/>
        <texture u="0.0" v="0.0"/>
      </vertex>

      <vertex index="2" material="Green">
        <position x="0.0" y="548.8" z="0.0"/>
        <normal x="1.0" y="0.0" z="0.0"/>
        <texture u="0.0" v="0.0"/>
      </vertex>
    </triangle>

    <triangle name="LeftWall1">
      <scale x="1.0" y="1.0" z="1.0"/>
      <rotation x="0.0" y="0.0" z="0.0"/>
      <position x="0.0" y="0.0" z="0.0"/>

      <vertex index="0" material="Red">
        <position x="552.8" y="0.0" z="0.0"/>
        <normal x="-1.0" y="0.0" z="0.0"/>
        <texture u="0.0" v="0.0"/>
      </vertex>

      <vertex index="1" material="Red">
        <position x="549.6" y="0.0" z="559.2"/>
        <normal x="-1.0" y="0.0" z="0.0"/>
        <texture u="0.0" v="0.0"/>
      </vertex>

      <vertex index="2" material="Red">
        <position x="556.0" y="548.8" z="559.2"/>
        <normal x="-1.0" y="0.0" z="0.0"/>
        <texture u="0.0" v="0.0"/>
      </vertex>
    </triangle>

    <triangle name="LeftWall2">
      <scale x="1.0" y="1.0" z="1.0"/>
      <rotation x="0.0" y="0.0" z="0.0"/>
      <position x="0.0" y="0.0" z="0.0"/>

      <vertex index="0" material="Red">
        <position x="552.8" y="0.0" z="0.0"/>
        <normal x="-1.0" y="0.0" z="0.0"/>
        <texture u="0.0" v="0.0"/>
      </vertex>

      <vertex index="1" material="Red">
        <position x="556.0" y="548.8" z="0.0"/>
        <normal x="-1.0" y="0.0" z="0.0"/>
        <texture u="0.0" v="0.0"/>
      </vertex>

      <vertex index="2" material="Red">
        <position x="556.0" y="548.8" z="559.2"/>
        <normal x="-1.0" y="0.0" z="0.0"/>
        <texture u="0.0" v="0.0"/>
      </vertex>
    </triangle>

    <sphere name="Sphere1" material="Blue" radius="120.0">
      <scale x="1.0" y="1.0" z="1.0"/>
      <rotation x="0.0" y="0.0" z="0.0"/>
      <position x="0.0" y="0.0" z="0.0"/>
      <center x="370.0" y="120.0" z="370.0"/>
    </sphere>

    <sphere name="Sphere2" material="Yellow" radius="100.0">
      <scale x="1.0" y="1.0" z="1.0"/>
      <rotation x="0.0" y="0.0" z="0.0"/>
      <position x="0.0" y="0.0" z="0.0"/>
      <center x="130.0" y="100.0" z="130.0"/>
    </sphere>

  </object_list>

  <!-- End of Scene -->
</scene>
