﻿<?xml version="1.0" encoding="utf-8"?>

<!-- Scene Description in XML -->
<scene>

  <!-- Background Color and Ambient Light Property -->
  <background>
    <color red="1.0" green="1.0" blue="1.0"/>
    <ambientLight red="0.2" green="0.2" blue="0.2"/>
  </background>

  <!-- Cameras Description -->
  <camera_list>
    <camera fieldOfView="39.31" nearClip="0.1" farClip="500.0">
      <position x="0.0" y="0.0" z="10.0"/>
      <target x="0.0" y="0.0" z="0.0"/>
      <up x="0.0" y="1.0" z="0.0"/>
    </camera>
  </camera_list>

  <!-- Light Sources Collection -->
  <light_list>
    <!-- Light Description, Color & Position -->
    <light>
      <color red="0.8" green="0.7" blue="0.6"/>
      <position x="0.0" y="4.5" z="10.0"/>
    </light>
  </light_list>

  <!-- Material Type Collection -->
  <material_list>

    <material name="White">
      <diffuse red="0.739" green="0.0" blue="0.765"/>
      <specular red="0.0" green="0.0" blue="0.0" shininess="1.0"/>
    </material>

    <material name="Gray">
      <texture filename=""/>
      <diffuse red="0.439" green="0.425" blue="0.465"/>
      <specular red="1.0" green="1.0" blue="1.0" shininess="100.0"/>
    </material>

  </material_list>

  <!-- List of Scene Objects -->
  <object_list>

    <triangle name="Floor1">
      <scale x="1.0" y="1.0" z="1.0"/>
      <rotation x="0.0" y="0.0" z="0.0"/>
      <position x="0.0" y="0.0" z="0.0"/>


      <vertex index="0" material="White">
        <position x="25.0" y="-5.0" z="-155.0"/>
        <normal x="0.0" y="1.0" z="0.0"/>
        <texture u="0.0" v="0.0"/>
      </vertex>


      <vertex index="1" material="White">
        <position x="-25.0" y="-5.0" z="-155.0"/>
        <normal x="0.0" y="1.0" z="0.0"/>
        <texture u="1.0" v="0.0"/>
      </vertex>


      <vertex index="2" material="White">
        <position x="-25.0" y="-5.0" z="155.0"/>
        <normal x="0.0" y="1.0" z="0.0"/>
        <texture u="1.0" v="1.0"/>
      </vertex>
    </triangle>

    <triangle name="Floor2">
      <scale x="1.0" y="1.0" z="1.0"/>
      <rotation x="0.0" y="0.0" z="0.0"/>
      <position x="0.0" y="0.0" z="0.0"/>


      <vertex index="0" material="White">
        <position x="25.0" y="-5.0" z="-155.0"/>
        <normal x="0.0" y="1.0" z="0.0"/>
        <texture u="0.0" v="0.0"/>
      </vertex>


      <vertex index="1" material="White">
        <position x="25.0" y="-5.0" z="155.0"/>
        <normal x="0.0" y="1.0" z="0.0"/>
        <texture u="0.0" v="1.0"/>
      </vertex>


      <vertex index="2" material="White">
        <position x="-25.0" y="-5.0" z="155.0"/>
        <normal x="0.0" y="1.0" z="0.0"/>
        <texture u="1.0" v="1.0"/>
      </vertex>
    </triangle>


    <mesh name="Teapot" material="Gray" path="Meshes/teapot.obj">
      <scale x="1.0" y="1.0" z="1.0"/>
      <rotation x="0.0" y="0.0" z="0.0"/>
      <position x="0.0" y="0.0" z="0.0"/>
    </mesh>

  </object_list>

  <!-- End of Scene -->
</scene>
